{
    "order": 1,
    "robot_pose": {
        "pos_x": -0.5304281751431938,
        "pos_y": -2.717784459319482,
        "pos_z": 0.0,
        "ori_x": 0.0,
        "ori_y": 0.0,
        "ori_z": -0.6810700764716894,
        "ori_w": 0.732218239963228
    }
}