{
    "order": 10,
    "robot_pose": {
        "pos_x": -0.4874192960435321,
        "pos_y": -3.0687268505723595,
        "pos_z": 0.0,
        "ori_x": 0.0,
        "ori_y": 0.0,
        "ori_z": 0.7113892045140643,
        "ori_w": 0.7027982638715372
    }
}