{
    "order": 2,
    "robot_pose": {
        "pos_x": 0.8258638212655468,
        "pos_y": -1.1535677835251983,
        "pos_z": 0.0,
        "ori_x": 0.0,
        "ori_y": 0.0,
        "ori_z": -0.7151135534324361,
        "ori_w": 0.6990083015939327
    }
}