{
    "order": 3,
    "robot_pose": {
        "pos_x": 0.05473953719115515,
        "pos_y": -0.006380272428263248,
        "pos_z": 0.0,
        "ori_x": 0.0,
        "ori_y": 0.0,
        "ori_z": -0.004113512329059588,
        "ori_w": 0.9999915394723691
    }
}