{
    "order": 4,
    "robot_pose": {
        "pos_x": -1.5142405246687527,
        "pos_y": 0.44321141348543436,
        "pos_z": 0.0,
        "ori_x": 0.0,
        "ori_y": 0.0,
        "ori_z": -0.7026407869901687,
        "ori_w": 0.7115447452253697
    }
}