{
    "order": 5,
    "robot_pose": {
        "pos_x": 0.39516370794313105,
        "pos_y": 2.578318883543059,
        "pos_z": 0.0,
        "ori_x": 0.0,
        "ori_y": 0.0,
        "ori_z": 0.6968043475212605,
        "ori_w": 0.7172612503652142
    }
}