{
    "order": 6,
    "robot_pose": {
        "pos_x": -0.8780978986047488,
        "pos_y": 3.403233097115664,
        "pos_z": 0.0,
        "ori_x": 0.0,
        "ori_y": 0.0,
        "ori_z": 0.999782668497821,
        "ori_w": -0.020847440403466744
    }
}