{
    "order": 7,
    "robot_pose": {
        "pos_x": 1.070225461257306,
        "pos_y": 1.6033208643551988,
        "pos_z": 0.0,
        "ori_x": 0.0,
        "ori_y": 0.0,
        "ori_z": 0.9997139376983117,
        "ori_w": 0.023917415657553787
    }
}