{
    "order": 8,
    "robot_pose": {
        "pos_x": -0.7939440732034224,
        "pos_y": 3.7302565195580026,
        "pos_z": 0.0,
        "ori_x": 0.0,
        "ori_y": 0.0,
        "ori_z": -0.6948646993421272,
        "ori_w": 0.7191404936507019
    }
}