{
    "order": 9,
    "robot_pose": {
        "pos_x": -0.4810111822514861,
        "pos_y": -2.8471770985446674,
        "pos_z": 0.0,
        "ori_x": 0.0,
        "ori_y": 0.0,
        "ori_z": 0.7127781660932359,
        "ori_w": 0.7013895393722118
    }
}